row_id,timestamp,depth_m,mud_weight_sg,torque_knm,rop_m_hr,wob_tonnes,spp_psi,temp_c,alert_flag
1,2021-07-15 06:00:00,1050.0,1.147,5.2166,11.0233,17.0664,1931.74,51.41,0
2,2021-07-15 06:15:00,1051.01,1.1431,5.23,10.0659,15.7279,1824.65,52.33,0
3,2021-07-15 06:30:00,1052.01,1.1442,5.9183,8.2359,17.1559,2142.36,51.91,0
4,2021-07-15 06:45:00,1053.02,1.1735,5.6252,10.6256,15.5907,1798.54,51.31,0
5,2021-07-15 07:00:00,1054.02,1.1401,5.0557,10.4857,14.0558,1940.1,51.97,0
6,2021-07-15 07:15:00,1055.03,1.1529,5.652,9.7042,15.8761,2102.29,52.15,0
7,2021-07-15 07:30:00,1056.03,1.1352,5.2661,9.0006,17.1303,2053.57,52.35,0
8,2021-07-15 07:45:00,1057.04,1.1528,5.2595,9.0816,17.317,1925.3,51.44,0
9,2021-07-15 08:00:00,1058.04,1.1318,5.1357,11.1335,12.3225,2201.01,52.3,0
10,2021-07-15 08:15:00,1059.05,1.1528,5.7623,10.0532,15.5996,1970.25,52.18,0
11,2021-07-15 08:30:00,1060.05,1.1651,5.4299,11.8232,13.8673,2015.21,51.7,0
12,2021-07-15 08:45:00,1061.06,1.1792,5.4199,9.1179,17.8408,2116.25,50.18,0
13,2021-07-15 09:00:00,1062.06,1.1974,5.0828,8.3631,16.3483,1994.08,50.52,0
14,2021-07-15 09:15:00,1063.07,1.1726,5.22,10.7892,14.145,2054.85,50.95,0
15,2021-07-15 09:30:00,1064.07,1.1409,5.3569,8.8206,12.4911,1922.25,51.56,0
16,2021-07-15 09:45:00,1065.08,1.1401,5.6042,8.6778,15.4094,2139.85,50.12,0
17,2021-07-15 10:00:00,1066.08,1.1497,5.4164,10.992,17.6174,1948.44,51.4,0
18,2021-07-15 10:15:00,1067.09,1.1431,5.4316,9.023,17.4997,2148.86,49.67,0
19,2021-07-15 10:30:00,1068.09,1.1958,6.0708,11.2427,14.7431,1925.81,50.26,0
20,2021-07-15 10:45:00,1069.1,1.1685,5.7737,9.8693,18.0126,2058.54,50.01,0
21,2021-07-15 11:00:00,1070.1,1.1828,5.5972,8.2564,15.229,1897.31,49.49,0
22,2021-07-15 11:15:00,1071.11,1.16,5.6151,8.6119,13.5282,2041.14,50.42,0
23,2021-07-15 11:30:00,1072.11,1.186,5.2493,8.9174,15.9019,1945.88,49.31,0
24,2021-07-15 11:45:00,1073.12,1.187,5.8937,8.7695,17.8677,2140.48,49.4,0
25,2021-07-15 12:00:00,1074.12,1.1846,5.721,10.4069,16.767,2101.62,49.27,0
26,2021-07-15 12:15:00,1075.13,1.1353,5.5027,10.51,13.2926,1904.72,50.73,0
27,2021-07-15 12:30:00,1076.13,1.1562,5.3751,8.1011,15.672,2100.83,49.69,0
28,2021-07-15 12:45:00,1077.14,1.1307,5.9782,10.3186,15.2769,1836.78,50.54,0
29,2021-07-15 13:00:00,1078.14,1.1908,5.8305,8.8552,16.937,1972.02,48.98,0
30,2021-07-15 13:15:00,1079.15,1.1951,6.0505,11.3066,16.3092,2198.59,50.31,0
31,2021-07-15 13:30:00,1080.15,1.1634,5.6967,11.6535,13.5035,1968.66,50.08,0
32,2021-07-15 13:45:00,1081.16,1.1348,5.1575,11.6714,13.7521,1997.59,49.49,0
33,2021-07-15 14:00:00,1082.16,1.16,5.8936,11.739,12.6173,2075.83,49.54,0
34,2021-07-15 14:15:00,1083.17,1.16,5.5219,10.6192,17.5804,2107.98,49.59,0
35,2021-07-15 14:30:00,1084.17,1.141,5.6258,9.3845,16.1882,1916.66,48.97,0
36,2021-07-15 14:45:00,1085.18,1.1416,5.5159,10.8818,15.5681,1978.82,48.66,0
37,2021-07-15 15:00:00,1086.18,1.1666,5.6468,9.6568,15.0772,2090.42,48.19,0
38,2021-07-15 15:15:00,1087.19,1.1717,5.4031,11.0806,13.1872,1791.3,48.87,0
39,2021-07-15 15:30:00,1088.19,1.1554,5.4425,8.8467,14.813,2021.63,49.32,0
40,2021-07-15 15:45:00,1089.2,1.1546,5.3548,11.8404,12.1779,2135.61,49.34,0
41,2021-07-15 16:00:00,1090.2,1.1929,5.6962,11.6178,16.3188,2136.31,49.44,0
42,2021-07-15 16:15:00,1091.21,1.1711,5.206,10.6628,15.2045,1877.56,48.17,0
43,2021-07-15 16:30:00,1092.21,1.1498,5.46,8.9943,15.9555,1966.39,48.34,0
44,2021-07-15 16:45:00,1093.22,1.1525,5.9247,10.9359,16.5142,1791.67,48.91,0
45,2021-07-15 17:00:00,1094.22,1.1969,5.4727,10.2266,13.1737,1937.14,48.02,0
46,2021-07-15 17:15:00,1095.23,1.1659,5.1583,8.5521,12.1102,1987.44,48.53,0
47,2021-07-15 17:30:00,1096.23,1.1523,5.0259,8.7854,16.4873,2128.7,47.69,0
48,2021-07-15 17:45:00,1097.24,1.1303,5.6502,9.4563,16.7887,2139.49,47.51,0
49,2021-07-15 18:00:00,1098.24,1.1346,5.161,10.1402,16.3697,1875.13,48.48,0
50,2021-07-15 18:15:00,1099.25,1.1682,5.8712,8.0418,16.3585,1975.51,47.27,0
51,2021-07-15 18:30:00,1100.25,1.1767,5.1575,11.447,12.9726,2100.14,48.03,0
52,2021-07-15 18:45:00,1101.26,1.1614,5.4159,11.1112,17.8611,2149.16,48.13,0
53,2021-07-15 19:00:00,1102.26,1.1938,5.3351,10.146,14.7485,1934.19,48.97,0
54,2021-07-15 19:15:00,1103.27,1.1702,5.2365,10.3908,12.3431,1851.17,48.99,0
55,2021-07-15 19:30:00,1104.27,1.1779,5.6502,8.1847,12.6238,2016.04,48.87,0
56,2021-07-15 19:45:00,1105.28,1.1689,5.6986,8.9546,13.8824,1991.76,48.44,0
57,2021-07-15 20:00:00,1106.28,1.1644,5.6506,8.869,12.9553,2035.47,48.05,0
58,2021-07-15 20:15:00,1107.29,1.1558,5.8337,10.0109,12.449,1866.75,47.8,0
59,2021-07-15 20:30:00,1108.29,1.1555,5.987,10.6284,17.2045,2155.45,48.77,0
60,2021-07-15 20:45:00,1109.3,1.1485,5.1405,10.0386,14.1588,2015.14,48.23,0
61,2021-07-15 21:00:00,1110.3,1.1577,5.9024,11.1048,16.5607,2005.05,48.89,0
62,2021-07-15 21:15:00,1111.31,1.1989,5.3311,10.5388,17.4788,1896.5,48.41,0
63,2021-07-15 21:30:00,1112.31,1.1356,4.9928,10.2886,13.4997,2077.37,49.54,0
64,2021-07-15 21:45:00,1113.32,1.1913,5.6613,11.6995,15.3575,2191.63,48.41,0
65,2021-07-15 22:00:00,1114.32,1.1461,5.7649,9.0169,16.261,2177.11,49.32,0
66,2021-07-15 22:15:00,1115.33,1.1312,5.3934,8.8543,18.0103,2066.68,50.4,0
67,2021-07-15 22:30:00,1116.33,1.1594,5.0919,9.9419,17.2735,2045.1,49.48,0
68,2021-07-15 22:45:00,1117.34,1.1457,5.3696,11.3531,16.0251,2205.4,49.68,0
69,2021-07-15 23:00:00,1118.34,1.155,5.4234,9.6223,18.0418,2010.04,49.05,0
70,2021-07-15 23:15:00,1119.35,1.1728,5.6839,8.8316,17.5226,2047.81,50.69,0
71,2021-07-15 23:30:00,1120.35,1.1561,5.1689,10.0429,18.2501,1954.21,50.5,0
72,2021-07-15 23:45:00,1121.36,1.175,5.4589,11.5567,13.49,1986.4,49.93,0
73,2021-07-15 00:00:00,1122.36,1.1935,5.3375,9.8276,15.2394,1897.72,50.17,0
74,2021-07-15 00:15:00,1123.37,1.1795,5.1565,9.4,15.2333,1904.69,50.48,0
75,2021-07-15 00:30:00,1124.37,1.1547,5.6701,11.0689,16.7916,2091.98,51.13,0
76,2021-07-15 00:45:00,1125.38,1.1433,5.5221,11.6506,14.657,2000.41,50.07,0
77,2021-07-15 01:00:00,1126.38,1.1535,5.5721,9.4263,16.1227,2171.71,50.09,0
78,2021-07-15 01:15:00,1127.39,1.1696,5.8452,8.003,16.0528,2220.68,50.28,0
79,2021-07-15 01:30:00,1128.39,1.1591,5.8593,10.9499,12.4214,1907.75,49.78,0
80,2021-07-15 01:45:00,1129.4,1.169,5.7161,8.4392,15.5553,2134.22,50.5,0
81,2021-07-15 02:00:00,1130.4,1.1463,5.0704,11.6873,12.9177,1945.02,50.95,0
82,2021-07-15 02:15:00,1131.41,1.1511,5.775,9.5324,13.4619,2069.93,50.33,0
83,2021-07-15 02:30:00,1132.41,1.1868,5.2884,10.8483,12.3466,2031.0,50.4,0
84,2021-07-15 02:45:00,1133.42,1.179,5.3816,10.5581,16.4295,2146.29,51.74,0
85,2021-07-15 03:00:00,1134.42,1.1605,5.4581,10.7503,13.907,1842.74,51.08,0
86,2021-07-15 03:15:00,1135.43,1.1806,5.9917,9.1451,15.0736,2085.08,50.3,0
87,2021-07-15 03:30:00,1136.43,1.1619,6.0525,11.1061,18.0205,1968.94,50.17,0
88,2021-07-15 03:45:00,1137.44,1.164,5.7119,10.4716,17.3654,1857.55,52.04,0
89,2021-07-15 04:00:00,1138.44,1.1862,5.1301,11.4804,13.7625,1889.04,50.93,0
90,2021-07-15 04:15:00,1139.45,1.146,5.8015,9.8815,16.7524,1986.72,50.71,0
91,2021-07-15 04:30:00,1140.45,1.1438,5.4692,11.5854,14.191,2211.22,50.67,0
92,2021-07-15 04:45:00,1141.46,1.1727,5.944,9.4735,12.9102,1994.79,51.88,0
93,2021-07-15 05:00:00,1142.46,1.1456,5.7274,8.5257,12.5433,1861.47,52.43,0
94,2021-07-15 05:15:00,1143.47,1.1435,5.7832,11.2711,12.6525,1881.84,50.77,0
95,2021-07-15 05:30:00,1144.47,1.1638,5.201,8.5413,16.4675,2096.27,52.41,0
96,2021-07-15 05:45:00,1145.48,1.1472,5.6019,8.2661,17.2166,2020.03,51.0,0
97,2021-07-15 06:00:00,1146.48,1.1598,5.6839,11.4402,12.5388,1809.84,52.28,0
98,2021-07-15 06:15:00,1147.49,1.1583,6.002,9.8563,12.6967,2154.04,52.48,0
99,2021-07-15 06:30:00,1148.49,1.1583,5.3923,9.3383,14.2612,1983.72,51.57,0
100,2021-07-15 06:45:00,1149.5,1.1741,5.1344,8.2378,16.6377,2029.54,51.88,0
101,2021-07-15 07:00:00,1150.5,1.1424,5.389,11.1631,16.6323,2028.06,51.83,0
102,2021-07-15 07:15:00,1151.51,1.1636,5.1424,11.3212,16.6248,2152.2,52.56,0
103,2021-07-15 07:30:00,1152.51,1.1799,5.5358,11.8707,13.4308,2065.18,51.17,0
104,2021-07-15 07:45:00,1153.52,1.1672,5.5442,8.6131,12.3039,1880.01,51.09,0
105,2021-07-15 08:00:00,1154.52,1.1714,5.7925,8.1906,13.0055,2050.72,51.67,0
106,2021-07-15 08:15:00,1155.53,1.1619,5.3269,8.4316,13.7973,2007.99,50.32,0
107,2021-07-15 08:30:00,1156.53,1.1665,4.9679,8.7166,13.4401,1820.91,50.5,0
108,2021-07-15 08:45:00,1157.54,1.1709,5.5736,11.0327,16.8562,1837.95,51.82,0
109,2021-07-15 09:00:00,1158.54,1.1707,5.6907,8.2985,14.1167,2074.44,51.86,0
110,2021-07-15 09:15:00,1159.55,1.1685,5.262,10.0538,13.7727,1907.56,50.94,0
111,2021-07-15 09:30:00,1160.55,1.1539,5.8703,11.0487,16.712,1836.07,51.04,0
112,2021-07-15 09:45:00,1161.56,1.1801,5.2336,10.078,16.5254,2175.26,51.02,0
113,2021-07-15 10:00:00,1162.56,1.1858,5.5487,8.254,13.6924,1823.0,50.28,0
114,2021-07-15 10:15:00,1163.57,1.1429,5.733,11.6198,15.6945,1989.4,51.17,0
115,2021-07-15 10:30:00,1164.57,1.1745,5.8451,9.2771,12.679,1870.8,50.18,0
116,2021-07-15 10:45:00,1165.58,1.1716,5.1204,9.7274,14.9299,1932.21,50.23,0
117,2021-07-15 11:00:00,1166.58,1.1647,5.8233,8.1296,15.9315,2102.58,51.15,0
118,2021-07-15 11:15:00,1167.59,1.1684,5.5027,9.5751,16.1209,2073.72,49.87,0
119,2021-07-15 11:30:00,1168.59,1.1748,5.8527,11.4239,16.1295,2052.1,49.89,0
120,2021-07-15 11:45:00,1169.6,1.146,5.3076,9.8363,12.6085,2103.66,50.63,0
121,2021-07-15 12:00:00,1170.6,1.1931,5.0049,10.9019,14.0677,2155.66,50.62,0
122,2021-07-15 12:15:00,1171.61,1.1521,5.449,8.9301,13.8459,1982.26,49.54,0
123,2021-07-15 12:30:00,1172.61,1.1728,5.8043,12.017,14.6411,1954.89,50.76,0
124,2021-07-15 12:45:00,1173.62,1.1887,5.087,10.7228,15.0836,2168.39,49.32,0
125,2021-07-15 13:00:00,1174.62,1.1622,5.822,9.924,13.3062,1903.11,48.78,0
126,2021-07-15 13:15:00,1175.63,1.1527,5.9645,8.2526,17.1372,2085.87,49.16,0
127,2021-07-15 13:30:00,1176.63,1.1841,5.181,9.6006,12.3536,2138.15,49.95,0
128,2021-07-15 13:45:00,1177.64,1.1477,5.246,8.1647,16.7346,1874.23,49.61,0
129,2021-07-15 14:00:00,1178.64,1.1512,5.1672,9.7616,13.3985,2031.51,50.27,0
130,2021-07-15 14:15:00,1179.65,1.1532,5.6149,10.1718,14.9012,2170.81,48.3,0
131,2021-07-15 14:30:00,1180.65,1.1664,5.7624,11.1903,13.74,2043.72,48.53,0
132,2021-07-15 14:45:00,1181.66,1.1717,5.7254,11.0495,16.6289,1882.39,48.49,0
133,2021-07-15 15:00:00,1182.66,1.1712,5.6233,10.0717,16.3156,1964.61,49.72,0
134,2021-07-15 15:15:00,1183.67,1.1425,5.4517,11.1464,14.5912,1998.28,49.75,0
135,2021-07-15 15:30:00,1184.67,1.1796,5.6306,10.544,15.1636,1843.82,48.46,0
136,2021-07-15 15:45:00,1185.68,1.1646,5.656,8.2903,14.3966,1946.49,49.62,0
137,2021-07-15 16:00:00,1186.68,1.1586,5.4279,10.9118,12.912,2073.21,47.82,0
138,2021-07-15 16:15:00,1187.69,1.1671,5.3973,10.495,17.6024,2111.46,48.64,0
139,2021-07-15 16:30:00,1188.69,1.1689,5.1684,10.9423,14.3573,1886.45,48.4,0
140,2021-07-15 16:45:00,1189.7,1.1698,5.9144,8.6104,14.9469,1945.43,48.77,0
141,2021-07-15 17:00:00,1190.7,1.176,5.2871,8.2737,17.5918,2120.36,48.6,0
142,2021-07-15 17:15:00,1191.71,1.1686,5.4253,8.6767,16.425,2011.01,48.84,0
143,2021-07-15 17:30:00,1192.71,1.1524,5.5191,9.4218,16.33,2134.93,47.35,0
144,2021-07-15 17:45:00,1193.72,1.1666,5.631,10.6538,17.4613,2029.76,48.98,0
145,2021-07-15 18:00:00,1194.72,1.1369,5.8056,8.3787,12.8958,2070.9,48.85,0
146,2021-07-15 18:15:00,1195.73,1.1529,5.7876,10.5617,12.6505,2013.6,47.45,0
147,2021-07-15 18:30:00,1196.73,1.15,5.1869,10.9283,17.0986,2089.91,47.29,0
148,2021-07-15 18:45:00,1197.74,1.1314,5.6105,11.0309,15.8327,2033.61,49.13,0
149,2021-07-15 19:00:00,1198.74,1.1192,5.8476,9.0328,12.3296,1970.1,48.54,0
150,2021-07-15 19:15:00,1199.75,1.1116,5.7719,4.3018,6.4893,2506.39,48.35,1
151,2021-07-15 19:30:00,1200.75,1.1096,6.573,2.671,7.5714,2434.37,47.84,1
152,2021-07-15 19:45:00,1201.76,1.1123,7.3026,3.1583,7.9978,2480.36,47.66,1
153,2021-07-15 20:00:00,1202.76,1.1399,7.9217,4.3829,7.2783,2536.16,48.97,1
154,2021-07-15 20:15:00,1203.77,1.1187,8.5726,4.1828,9.6165,2591.57,48.56,1
155,2021-07-15 20:30:00,1204.77,1.1231,9.0876,3.5449,8.1018,2459.07,49.19,1
156,2021-07-15 20:45:00,1205.78,1.1029,9.3748,3.3266,7.4855,2570.66,48.93,1
157,2021-07-15 21:00:00,1206.78,1.12,9.0327,2.7555,7.8814,2544.08,48.66,1
158,2021-07-15 21:15:00,1207.79,1.1251,9.0758,4.5241,7.1498,2634.72,49.49,1
159,2021-07-15 21:30:00,1208.79,1.111,9.3162,3.2592,9.9528,2642.3,49.54,1
160,2021-07-15 21:45:00,1209.8,1.0988,9.1906,4.4843,9.1329,2597.21,48.6,1
161,2021-07-15 22:00:00,1210.8,1.1258,9.2441,4.1234,8.5595,2637.47,48.38,1
162,2021-07-15 22:15:00,1211.81,1.1117,9.0717,3.8671,9.253,2674.12,48.55,1
163,2021-07-15 22:30:00,1212.81,1.1038,9.0923,3.1705,8.0416,2408.33,49.19,1
164,2021-07-15 22:45:00,1213.82,1.1135,9.3001,3.9644,8.8119,2352.81,49.7,1
165,2021-07-15 23:00:00,1214.82,1.1077,9.374,3.0691,6.8851,2412.14,50.53,1
166,2021-07-15 23:15:00,1215.83,1.1332,9.1166,2.7631,7.6632,2675.13,50.36,1
167,2021-07-15 23:30:00,1216.83,1.1106,9.1218,3.9041,7.6938,2461.94,49.91,1
168,2021-07-15 23:45:00,1217.84,1.1394,9.2722,2.7874,8.2613,2571.12,50.19,1
169,2021-07-15 00:00:00,1218.84,1.1,9.1681,3.8718,8.9033,2563.4,49.81,1
170,2021-07-15 00:15:00,1219.85,1.1395,9.3393,3.4134,9.7852,2600.11,49.26,1
171,2021-07-15 00:30:00,1220.85,1.1233,9.2129,4.0152,9.5275,2618.49,51.01,1
172,2021-07-15 00:45:00,1221.86,1.1423,9.1621,3.5517,10.0164,2598.67,50.39,1
173,2021-07-15 01:00:00,1222.86,1.1024,9.3777,3.1292,8.1712,2712.99,50.27,1
174,2021-07-15 01:15:00,1223.87,1.1062,9.0575,2.8203,6.9408,2624.82,50.55,1
175,2021-07-15 01:30:00,1224.87,1.1315,9.0806,4.2792,9.3136,2350.5,49.86,1
176,2021-07-15 01:45:00,1225.88,1.1039,9.1351,2.9674,7.0125,2660.37,51.03,1
177,2021-07-15 02:00:00,1226.88,1.0981,9.2566,3.8175,6.4229,2462.41,51.47,1
178,2021-07-15 02:15:00,1227.89,1.1291,9.1304,2.7804,7.2131,2352.66,50.05,1
179,2021-07-15 02:30:00,1228.89,1.1311,9.2389,3.3383,7.8951,2536.74,50.32,1
180,2021-07-15 02:45:00,1229.9,1.1314,9.3373,2.6581,8.6663,2481.39,51.01,1
181,2021-07-15 03:00:00,1230.9,1.1202,9.2268,2.7805,7.9573,2390.08,50.17,1
182,2021-07-15 03:15:00,1231.91,1.1205,9.3136,3.4087,7.6887,2515.46,51.54,1
183,2021-07-15 03:30:00,1232.91,1.1153,9.3165,4.0041,6.1427,2371.47,52.06,1
184,2021-07-15 03:45:00,1233.92,1.1007,9.3596,2.5541,9.1724,2707.04,51.09,1
185,2021-07-15 04:00:00,1234.92,1.1421,9.1568,4.3082,7.5574,2568.75,51.65,1
186,2021-07-15 04:15:00,1235.93,1.1132,9.0817,3.5786,8.8126,2257.45,51.0,1
187,2021-07-15 04:30:00,1236.93,1.1278,9.2164,3.61,6.947,2452.43,51.96,1
188,2021-07-15 04:45:00,1237.94,1.1027,9.3139,3.374,9.3503,2344.4,50.62,1
189,2021-07-15 05:00:00,1238.94,1.1244,9.2748,2.6223,7.5282,2421.64,50.75,1
190,2021-07-15 05:15:00,1239.95,1.1202,9.1224,4.1698,7.3041,2550.58,51.34,1
191,2021-07-15 05:30:00,1240.95,1.104,9.259,2.9186,6.3558,2695.54,52.09,1
192,2021-07-15 05:45:00,1241.96,1.1167,9.1984,4.5231,8.7847,2419.37,51.19,1
193,2021-07-15 06:00:00,1242.96,1.1145,9.2936,3.4952,7.2628,2665.81,52.13,1
194,2021-07-15 06:15:00,1243.97,1.141,9.2211,2.7397,6.8533,2705.95,51.07,1
195,2021-07-15 06:30:00,1244.97,1.1301,9.0861,3.058,8.5374,2400.13,52.3,1
196,2021-07-15 06:45:00,1245.98,1.1226,9.1924,4.2106,9.6375,2724.3,50.96,1
197,2021-07-15 07:00:00,1246.98,1.1424,9.1922,2.9977,6.9313,2548.61,51.42,1
198,2021-07-15 07:15:00,1247.99,1.1215,9.1482,3.0247,7.8608,2689.24,52.28,1
199,2021-07-15 07:30:00,1248.99,1.1386,9.1524,3.3362,6.7876,2446.12,51.66,1
200,2021-07-15 07:45:00,1250.0,1.1163,9.0721,3.1445,9.3332,2580.79,50.92,1
